name,latitude,longitude
Sugar Bowl,57.14620,-3.67930
Linn of Dee,56.99000,-3.54430
Cairngorm Ski Centre,57.13400,-3.67120
Loch Arkaig,56.97190,-5.31230
Inverie,57.03860,-5.68540
Glen Creran,56.59040,-5.20007
Affric YHA,57.23220,-5.18340
Atterdale Gardens,57.39150,-5.45534
Mullardoch Dam,57.33990,-4.96150
Coulags,57.44980,-5.40744
